{"cameraMode":{"drawMode":0,"name":"Shaded","section":"Shading Mode"},"sceneLighting":true,"audioPlay":false,"sceneViewState":{"showFog":true,"showMaterialUpdate":false,"showSkybox":true,"showFlares":true,"showImageEffects":true,"showParticleSystems":true},"in2DMode":false,"pivot":{"x":-0.23451441526412965,"y":-10.618146896362305,"z":-9.922378540039063},"rotation":{"x":0.0013333575334399939,"y":-0.9652702212333679,"z":0.26124322414398196,"w":0.004927748814225197},"size":71.99166107177735,"orthographic":false}